{"main":"002 NLP语言魔方.md","title":"002 NLP语言魔方","version":2,"cssText":"","createDate":1587358673892,"updateDate":1587358673892,"slug":"","cover":"","excerpt":"","urlMap":{},"fileResources":[{"filename":"ad8bfe062043dbf3ba777577f8a593f1.png","type":"image/png"},{"filename":"3e595b2c5d757b861b7ffa626c412f79.png","type":"image/png"},{"filename":"0db6215c7eb5ad8b41f67e2d9201bc48.png","type":"image/png"},{"filename":"cd585f00e1e222e2aad8296f9c2cf556.png","type":"image/png"},{"filename":"5299eab0d13a450c227107f086e0fc70.png","type":"image/png"}]}